{
  "activeCanvasInfo" : 1,
  "canvasInfos" : [
    {
      "presentationOptions" : {
        "canvasScale" : 0,
        "initialPlaybackDelay" : 0.5,
        "cursor" : 1
      },
      "canvasSize" : "{800, 600}",
      "timelineManager" : {
        "pointsPerSecond" : 200
      },
      "canvasID" : 1,
      "uuid" : "47B1DD5C-52FC-4254-A08B-5AD35EAA767D"
    }
  ],
  "createdWithVersion" : "40",
  "lastSavedWithVersion" : "40",
  "creationDate" : "2018-12-19T11:06:26+02:00",
  "uuid" : "307AD9F1-77CB-4577-9F65-9A8F09E130CF"
}