{
  "activeCanvasInfo" : 1,
  "canvasInfos" : [
    {
      "presentationOptions" : {
        "canvasScale" : 0,
        "initialPlaybackDelay" : 0.5,
        "cursor" : 1
      },
      "canvasSize" : "{414, 896}",
      "timelineManager" : {
        "pointsPerSecond" : 200
      },
      "canvasID" : 1,
      "uuid" : "0F93431B-EF02-443A-A0A1-218BFC733610"
    }
  ],
  "createdWithVersion" : "53",
  "lastSavedWithVersion" : "53",
  "creationDate" : "2020-12-12T02:44:20+02:00",
  "uuid" : "A906364F-65FE-469A-867A-D93B450CD565"
}